,open,high,low,close,volume,value,macd,signal,result
2024-03-23 20:23:00,93637000.0,93676000.0,93571000.0,93600000.0,1.51570551,141884194.07254,0.0,0.0,Hold
2024-03-23 20:24:00,93607000.0,93607000.0,93602000.0,93607000.0,1.41087302,132066523.17786,558.4045584052801,111.68091168105603,Hold
2024-03-23 20:25:00,93607000.0,93700000.0,93602000.0,93685000.0,1.94991647,182548554.58003,7211.759644821286,1531.696658309102,Hold
2024-03-23 20:26:00,93700000.0,93700000.0,93611000.0,93697000.0,0.65547573,61390764.43322,13299.581896051764,3885.273705857635,Hold
2024-03-23 20:27:00,93619000.0,93697000.0,93618000.0,93685000.0,0.31816663,29794657.75125,16960.41605989635,6500.302176665378,Hold
2024-03-23 20:28:00,93685000.0,93697000.0,93670000.0,93685000.0,1.2695409,118938579.52632,19635.309879884124,9127.303717309129,Hold
2024-03-23 20:29:00,93685000.0,93750000.0,93626000.0,93750000.0,3.44053884,322420899.99188,26692.445381224155,12640.332050092135,Hold
2024-03-23 20:30:00,93750000.0,93833000.0,93741000.0,93771000.0,2.44154802,228941156.28451,33592.566410690546,16830.77892221182,Hold
2024-03-23 20:31:00,93771000.0,93825000.0,93645000.0,93696000.0,2.00451123,187878379.9935,32632.916887789965,19991.20651532745,Hold
2024-03-23 20:32:00,93696000.0,93766000.0,93670000.0,93697000.0,1.18436181,110965676.0611,31588.941713005304,22310.75355486302,Hold
2024-03-23 20:33:00,93766000.0,93801000.0,93695000.0,93801000.0,1.46774361,137597842.8096,38707.32080155611,25590.067004201635,Hold
2024-03-23 20:34:00,93788000.0,93855000.0,93750000.0,93855000.0,2.55278948,239516114.98894,48150.9816737622,30102.249938113753,Hold
2024-03-23 20:35:00,93855000.0,93855000.0,93815000.0,93815000.0,1.86164093,174710543.98767,51810.2489477545,34443.84974004191,Hold
2024-03-23 20:36:00,93819000.0,93854000.0,93815000.0,93854000.0,1.63136897,153083790.55633,57197.87716585398,38994.655225204326,Hold
2024-03-23 20:37:00,93854000.0,93878000.0,93843000.0,93858000.0,0.87908992,82507505.3442,61086.21406416595,43412.966992996655,Hold
2024-03-23 20:38:00,93858000.0,93878000.0,93839000.0,93844000.0,1.14303779,107275826.47347,62319.68355357647,47194.310305112616,Hold
2024-03-23 20:39:00,93844000.0,93845000.0,93843000.0,93845000.0,0.82658986,77570712.82308,62655.65328398347,50286.578900886794,Hold
2024-03-23 20:40:00,93845000.0,93863000.0,93844000.0,93860000.0,1.44376107,135492525.76861,63401.43408946693,52909.549938602824,Hold
2024-03-23 20:41:00,93863000.0,93863000.0,93849000.0,93856000.0,1.71713983,161156131.49561,62944.12350586057,54916.464652054376,Hold
2024-03-23 20:42:00,93857000.0,93857000.0,93850000.0,93853000.0,1.01337132,95109254.42811,61629.203549966216,56259.01243163675,Hold
2024-03-23 20:43:00,93853000.0,93853000.0,93844000.0,93850000.0,1.41828301,133105823.7513,59657.35226202011,56938.680397713426,Hold
2024-03-23 20:44:00,93850000.0,93850000.0,93843000.0,93844000.0,0.87919328,82507534.82327,56953.966184437275,56941.7375550582,Hold
2024-03-23 20:45:00,93843000.0,93849000.0,93792000.0,93794000.0,3.40635954,319607735.34741,50198.27662298083,55593.045368642735,Hold
2024-03-23 20:46:00,93794000.0,93820000.0,93777000.0,93777000.0,1.73357042,162586697.5574,42977.1719623059,53069.870687375376,Hold
2024-03-23 20:47:00,93778000.0,93823000.0,93760000.0,93771000.0,3.55543621,333427288.31557,36351.21051064134,49726.138652028574,Hold
2024-03-23 20:48:00,93771000.0,93778000.0,93761000.0,93778000.0,1.63598669,153414536.8212,31304.075920179486,46041.72610565876,Hold
2024-03-23 20:49:00,93778000.0,93778000.0,93775000.0,93777000.0,1.73694,162883552.28937,26913.254506915808,42216.03178591017,Hold
2024-03-23 20:50:00,93778000.0,93778000.0,93705000.0,93729000.0,2.88497533,270464308.47699,19337.388675943017,37640.30316391674,Hold
2024-03-23 20:51:00,93729000.0,93775000.0,93728000.0,93773000.0,2.19074054,205356682.50934,16691.48366676271,33450.53926448594,Hold
2024-03-23 20:52:00,93773000.0,93774000.0,93737000.0,93771000.0,0.44428991,41661977.62748,14268.720669060946,29614.175545400944,Hold
2024-03-23 20:53:00,93771000.0,93771000.0,93737000.0,93770000.0,0.76692366,71891664.97701,12128.165948137641,26116.973625948285,Hold
2024-03-23 20:54:00,93770000.0,93770000.0,93736000.0,93767000.0,0.26282602,24638148.81181,10073.564204409719,22908.291741640573,Hold
2024-03-23 20:55:00,93767000.0,93768000.0,93741000.0,93768000.0,0.91573636,85850689.59713,8428.80712082982,20012.394817478424,Hold
2024-03-23 20:56:00,93750000.0,93770000.0,93741000.0,93741000.0,0.80525931,75498550.95837,4890.278840273619,16987.971622037465,Hold
2024-03-23 20:57:00,93769000.0,93814000.0,93742000.0,93800000.0,1.41340291,132541063.24685,6768.750656485558,14944.127428927084,Hold
2024-03-23 20:58:00,93814000.0,93823000.0,93805000.0,93823000.0,1.25122073,117387609.01285,9998.108909577131,13954.923725057095,Hold
2024-03-23 20:59:00,93822000.0,93823000.0,93800000.0,93822000.0,0.37811644,35473886.2507,12334.522254183888,13630.843430882454,Hold
2024-03-23 21:00:00,93822000.0,93823000.0,93780000.0,93800000.0,1.45868219,136837699.36946,12269.495418727398,13358.573828451445,Hold
2024-03-23 21:01:00,93795000.0,93823000.0,93790000.0,93822000.0,1.41879508,133106742.84821,13833.71091324091,13453.601245409338,Hold
2024-03-23 21:02:00,93822000.0,93823000.0,93822000.0,93822000.0,1.39023804,130435188.31425,14901.586746111512,13743.198345549774,Hold
2024-03-23 21:03:00,93823000.0,93838000.0,93823000.0,93826000.0,2.03459004,190898452.6947,15887.511267632246,14172.060929966268,Hold
2024-03-23 21:04:00,93826000.0,93851000.0,93826000.0,93828000.0,1.79966782,168868940.07504,16638.449154660106,14665.338574905036,Hold
2024-03-23 21:05:00,93828000.0,93949000.0,93828000.0,93949000.0,4.29150644,402906239.37913,26689.600500285625,17070.190959981155,Hold
2024-03-23 21:06:00,93949000.0,93973000.0,93900000.0,93971000.0,1.40085199,131620631.47995,36015.264939159155,20859.205755816754,Hold
2024-03-23 21:07:00,93973000.0,93995000.0,93971000.0,93994000.0,2.85765504,268567625.86446,44746.024656921625,25636.56953603773,Hold
2024-03-23 21:08:00,93995000.0,93998000.0,93993000.0,93994000.0,2.28279154,214570719.39473,51076.437260210514,30724.54308087229,Hold
2024-03-23 21:09:00,93994000.0,93994000.0,93980000.0,93983000.0,2.37194695,222940212.84401,54576.60169571638,35494.95480384111,Hold
2024-03-23 21:10:00,93990000.0,93991000.0,93943000.0,93975000.0,5.38240951,505863544.73766,56058.763556063175,39607.71655428552,Hold
2024-03-23 21:11:00,93973000.0,93981000.0,93933000.0,93945000.0,2.53460868,238124730.67901,54187.99277935922,42523.771799300266,Hold
2024-03-23 21:12:00,93959000.0,93959000.0,93916000.0,93919000.0,2.33697204,219536316.38674,50030.688122063875,44025.15506385299,Hold
2024-03-23 21:13:00,93919000.0,93937000.0,93916000.0,93917000.0,1.69218873,158929888.30597,46043.84614698589,44428.89328047957,Hold
2024-03-23 21:14:00,93916000.0,93917000.0,93901000.0,93915000.0,1.04120264,97782979.59506,42235.99165202677,43990.31295478901,Hold
2024-03-23 21:15:00,93913000.0,93915000.0,93900000.0,93900000.0,2.38172258,223671041.52886,37574.7268294543,42707.19572972207,Hold
2024-03-23 21:16:00,93901000.0,93913000.0,93854000.0,93854000.0,0.67126633,63021734.5088,29825.021035939455,40130.76079096555,Hold
2024-03-23 21:17:00,93854000.0,93867000.0,93840000.0,93840000.0,0.76279444,71588885.16205,22296.61882123351,36563.93239701914,Hold
2024-03-23 21:18:00,93846000.0,93946000.0,93827000.0,93935000.0,4.43739051,416587107.82395,23722.5530539155,33995.65652839842,Hold
2024-03-23 21:19:00,93935000.0,93958000.0,93880000.0,93934000.0,1.4112785,132532399.02696,24489.623429328203,32094.449908584374,Hold
2024-03-23 21:20:00,93934000.0,93934000.0,93894000.0,93929000.0,0.28744039,26998027.25993,24412.66006614268,30558.091940096034,Hold
2024-03-23 21:21:00,93928000.0,93960000.0,93928000.0,93957000.0,0.54698468,51383206.38582,26307.77241615951,29708.028035308733,Hold
2024-03-23 21:22:00,93965000.0,94058000.0,93957000.0,94058000.0,6.13069575,576266018.24996,35549.72343210876,30876.36711466874,Hold
2024-03-23 21:23:00,94060000.0,94100000.0,94044000.0,94099000.0,5.46348263,513984957.76251,45656.098462462425,33832.31338422748,Hold
2024-03-23 21:24:00,94096000.0,94123000.0,94096000.0,94119000.0,4.25754096,400668090.18873,54649.34273454547,37995.71925429108,Hold
2024-03-23 21:25:00,94119000.0,94123000.0,94016000.0,94017000.0,5.17720392,487188947.86907,52935.79516725242,40983.73443688335,Hold
2024-03-23 21:26:00,94017000.0,94090000.0,93972000.0,93992000.0,2.68989303,252859399.87537,48995.71322515607,42586.130194537895,Hold
2024-03-23 21:27:00,93992000.0,93993000.0,93967000.0,93969000.0,2.45341449,230560004.15499,43515.64089758694,42772.03233514771,Hold
2024-03-23 21:28:00,93992000.0,94084000.0,93970000.0,94072000.0,0.5279598,49649817.34799,46942.756414204836,43606.17715095914,Hold
2024-03-23 21:29:00,94013000.0,94086000.0,94012000.0,94022000.0,0.73853936,69461198.99016,45104.25425297022,43905.792571361366,Hold
2024-03-23 21:30:00,94022000.0,94023000.0,94013000.0,94022000.0,2.41946745,227473727.31226,43149.823736295104,43754.59880434812,Hold
2024-03-23 21:31:00,94022000.0,94027000.0,93993000.0,93997000.0,1.98736599,186828241.499,39132.53687867522,42830.18641921355,Hold
2024-03-23 21:32:00,93999000.0,93999000.0,93977000.0,93989000.0,0.98785343,92850521.31303,34900.95843605697,41244.340822582235,Hold
2024-03-23 21:33:00,93989000.0,93989000.0,93970000.0,93973000.0,0.70818741,66556659.19337,29911.53420394659,38977.7794988551,Hold
2024-03-23 21:34:00,93989000.0,93989000.0,93968000.0,93969000.0,0.99931862,93906174.30321,25342.48064085841,36250.71972725577,Hold
2024-03-23 21:35:00,93969000.0,93970000.0,93925000.0,93946000.0,1.76170295,165524729.0758,19639.17678782344,32928.4111393693,Hold
2024-03-23 21:36:00,93939000.0,93973000.0,93925000.0,93973000.0,4.10414424,385605449.36935,17100.81420454383,29762.89175240421,Hold
2024-03-23 21:37:00,93970000.0,93989000.0,93969000.0,93983000.0,1.49591746,140573306.06012,15714.90831501782,26953.295064926933,Hold
2024-03-23 21:38:00,93983000.0,93989000.0,93972000.0,93975000.0,1.74727488,164211856.08876,13811.820699989796,24325.000191939507,Hold
2024-03-23 21:39:00,93975000.0,93975000.0,93972000.0,93972000.0,1.39426458,131022835.19219,11924.081734359264,21844.816500423458,Hold
2024-03-23 21:40:00,93973000.0,93973000.0,93968000.0,93973000.0,2.23634247,210150692.18505,10388.969077706337,19553.647015880033,Hold
2024-03-23 21:41:00,93973000.0,94027000.0,93970000.0,94020000.0,5.43185783,510472131.02584,12817.14042559266,18206.34569782256,Hold
2024-03-23 21:42:00,94021000.0,94098000.0,94021000.0,94090000.0,1.65304375,155532357.00576,20157.53518049419,18596.583594356885,Hold
2024-03-23 21:43:00,94097000.0,94097000.0,94034000.0,94085000.0,0.89179373,83900630.64028,25279.980812624097,19933.26303801033,Hold
2024-03-23 21:44:00,94052000.0,94070000.0,94020000.0,94051000.0,1.73869279,163516799.70948,26292.951255857944,21205.200681579852,Hold
2024-03-23 21:45:00,94070000.0,94080000.0,94047000.0,94048000.0,1.41263451,132857607.8852,26547.63805603981,22273.688156471846,Hold
2024-03-23 21:46:00,94048000.0,94050000.0,94038000.0,94039000.0,1.73530963,163196025.69414,25726.69309259951,22964.28914369738,Hold
2024-03-23 21:47:00,94038000.0,94080000.0,94038000.0,94051000.0,3.95039692,371516318.52304,25747.585863769054,23520.948487711717,Hold
2024-03-23 21:48:00,94080000.0,94094000.0,94080000.0,94090000.0,3.27643682,308285963.73127,28581.646173208952,24533.088024811164,Hold
2024-03-23 21:49:00,94090000.0,94097000.0,94050000.0,94082000.0,2.87300332,270313261.77408,29838.17039090395,25594.104498029723,Hold
2024-03-23 21:50:00,94091000.0,94100000.0,94056000.0,94099000.0,3.64273939,342752151.49278,31838.715913116932,26843.026781047167,Hold
2024-03-23 21:51:00,94100000.0,94158000.0,94098000.0,94158000.0,2.59673485,244391924.15879,37749.81322069466,29024.38406897667,Hold
2024-03-23 21:52:00,94152000.0,94300000.0,94152000.0,94270000.0,5.15319071,485598708.25718,50885.29044775665,33396.56534473266,Hold
2024-03-23 21:53:00,94272000.0,94279000.0,94220000.0,94253000.0,3.85524393,363365667.05526,59240.60405360162,38565.37308650646,Hold
2024-03-23 21:54:00,94254000.0,94254000.0,94219000.0,94219000.0,3.59933716,339183830.2038,62399.432615980506,43332.18499240127,Hold
2024-03-23 21:55:00,94217000.0,94220000.0,94100000.0,94160000.0,4.2885774,403880471.4844,59456.64094699919,46557.07618332085,Hold
2024-03-23 21:56:00,94159000.0,94200000.0,94000000.0,94002000.0,7.58570755,713678474.79411,43869.47777676582,46019.556502009844,Hold
2024-03-23 21:57:00,94059000.0,94093000.0,94000000.0,94047000.0,1.9163363,180201085.57177,34747.119420841336,43765.069085776144,Hold
2024-03-23 21:58:00,94017000.0,94100000.0,94017000.0,94049000.0,2.07133387,194814107.78853,27363.538151443005,40484.762898909525,Hold
2024-03-23 21:59:00,94049000.0,94049000.0,93950000.0,93950000.0,3.99430646,375488671.95327,13369.409941509366,35061.69230742949,Hold
2024-03-23 22:00:00,93999000.0,94000000.0,93907000.0,93949000.0,3.78749854,355857179.60742,2173.219350337982,28483.997716011192,Hold
2024-03-23 22:01:00,93932000.0,94205000.0,93890000.0,93901000.0,11.16235511,1049378963.32143,-10452.550706550479,20696.68803149886,Hold
2024-03-23 22:02:00,93900000.0,93901000.0,93877000.0,93880000.0,1.1245644,105586649.64042,-21900.632082119584,12177.22400877517,Hold
2024-03-23 22:03:00,93880000.0,93880000.0,93842000.0,93876000.0,2.09723032,196865595.84131,-30939.435073435307,3553.8921923330763,Hold
2024-03-23 22:04:00,93873000.0,93876000.0,93850000.0,93872000.0,2.97529564,279258896.33766,-37987.620493128896,-4754.410344759319,Hold
2024-03-23 22:05:00,93855000.0,93977000.0,93855000.0,93968000.0,4.26528447,400467329.14181,-35418.67607276142,-10887.263490359739,Hold
2024-03-23 22:06:00,93862000.0,93967000.0,93862000.0,93878000.0,2.64535659,248369754.17088,-40181.82587362826,-16746.17596701344,Hold
2024-03-23 22:07:00,93877000.0,93878000.0,93862000.0,93876000.0,2.8196874,264701971.43516,-43615.27000965178,-22119.994775541112,Hold
2024-03-23 22:08:00,93877000.0,93877000.0,93862000.0,93876000.0,2.2253676,208896577.98492,-45808.25023007393,-26857.645866447674,Hold
2024-03-23 22:09:00,93876000.0,93877000.0,93862000.0,93877000.0,1.47300707,138278502.32448,-46924.59370498359,-30871.03543415486,Hold
2024-03-23 22:10:00,93877000.0,93877000.0,93862000.0,93871000.0,1.61422655,151531323.32308,-47743.10105763376,-34245.448558850636,Hold
2024-03-23 22:11:00,93871000.0,93968000.0,93870000.0,93965000.0,1.94819525,182918603.44055,-40341.725324735045,-35464.70391202752,Hold
2024-03-23 22:12:00,93965000.0,93965000.0,93910000.0,93915000.0,3.05236843,286673426.94186,-38071.795900672674,-35986.12230975655,Hold
2024-03-23 22:13:00,93915000.0,93917000.0,93910000.0,93917000.0,2.20805204,207365752.8906,-35699.950387224555,-35928.88792525016,Buy
2024-03-23 22:14:00,93915000.0,93916000.0,93775000.0,93778000.0,7.23130895,678592430.02466,-44523.14891216159,-37647.740122632444,Hold
2024-03-23 22:15:00,93779000.0,93782000.0,93703000.0,93703000.0,2.43168417,227984721.84425,-56911.43095976114,-41500.478290058185,Hold
2024-03-23 22:16:00,93703000.0,93704000.0,93700000.0,93701000.0,2.37388433,222436401.26096,-66128.33078669012,-46426.04878938458,Hold
2024-03-23 22:17:00,93701000.0,93704000.0,93680000.0,93685000.0,1.65878113,155426738.08421,-73872.30266490579,-51915.29956448882,Hold
2024-03-23 22:18:00,93685000.0,93782000.0,93677000.0,93781000.0,6.93111655,649486938.90865,-71439.54783828557,-55820.149219248175,Hold
2024-03-23 22:19:00,93758000.0,93820000.0,93758000.0,93798000.0,1.9107003,179215089.04926,-67363.2920870781,-58128.77779281416,Hold
2024-03-23 22:20:00,93798000.0,93801000.0,93758000.0,93797000.0,1.18056724,110717498.83633,-63481.743654221296,-59199.370965095586,Hold
2024-03-23 22:21:00,93777000.0,93798000.0,93758000.0,93760000.0,1.21473051,113919100.12037,-62668.77273212373,-59893.251318501214,Hold
2024-03-23 22:22:00,93760000.0,93777000.0,93750000.0,93758000.0,1.37358911,128783664.7511,-61477.19981330633,-60210.04101746224,Hold
2024-03-23 22:23:00,93758000.0,93758000.0,93719000.0,93726000.0,0.85528,80176257.98382,-62395.742970228195,-60647.181408015436,Hold
2024-03-23 22:24:00,93719000.0,93727000.0,93686000.0,93686000.0,1.48563323,139205454.59485,-65595.21988266706,-61636.78910294577,Hold
2024-03-23 22:25:00,93686000.0,93709000.0,93594000.0,93605000.0,4.62252399,432761207.95499,-73815.94715158641,-64072.620712673895,Hold
2024-03-23 22:26:00,93606000.0,93744000.0,93586000.0,93670000.0,1.9793918,185303963.52131,-74230.29532922804,-66104.15563598473,Hold
2024-03-23 22:27:00,93624000.0,93777000.0,93624000.0,93670000.0,1.79970811,168631569.73032,-73708.99780082703,-67625.1240689532,Hold
2024-03-23 22:28:00,93670000.0,93774000.0,93670000.0,93693000.0,1.16962035,109566368.08591,-70625.82739765942,-68225.26473469444,Hold
2024-03-23 22:29:00,93693000.0,93700000.0,93671000.0,93695000.0,0.99198283,92945304.15241,-67245.84115701914,-68029.38001915939,Buy
2024-03-23 22:30:00,93695000.0,93699000.0,93693000.0,93694000.0,1.40777731,131899723.31941,-63911.14149662852,-67205.73231465323,Buy
2024-03-23 22:31:00,93699000.0,93699000.0,93640000.0,93669000.0,2.19635241,205699714.01374,-62564.454964995384,-66277.47684472166,Buy
2024-03-23 22:32:00,93669000.0,93669000.0,93643000.0,93643000.0,1.17392424,109943242.20877,-62870.44751183689,-65596.07097814471,Buy
2024-03-23 22:33:00,93651000.0,93669000.0,93642000.0,93650000.0,1.15250796,107932658.88426,-61835.30836749077,-64843.91845601392,Buy
2024-03-23 22:34:00,93650000.0,93669000.0,93650000.0,93655000.0,1.27063131,119002040.65154,-59920.76563768089,-63859.28789234732,Buy
2024-03-23 22:35:00,93655000.0,93655000.0,93644000.0,93644000.0,1.44596011,135409327.95699,-58615.40292188525,-62810.510898254906,Buy
2024-03-23 22:36:00,93646000.0,93649000.0,93610000.0,93610000.0,3.72641041,348937766.60582,-59636.95175796747,-62175.79907019742,Buy
2024-03-23 22:37:00,93610000.0,93641000.0,93600000.0,93601000.0,2.33667322,218734572.57932,-60475.635868772864,-61835.76642991252,Buy
2024-03-23 22:38:00,93602000.0,93640000.0,93602000.0,93640000.0,2.61530302,244818289.07212,-57332.43241292238,-60935.09962651449,Buy
2024-03-23 22:39:00,93639000.0,93777000.0,93617000.0,93699000.0,1.43780505,134685838.40884,-49509.894863039255,-58650.05867381945,Buy
2024-03-23 22:40:00,93741000.0,93797000.0,93663000.0,93663000.0,1.67052433,156603088.36504,-45688.70567308366,-56057.788073672295,Buy
2024-03-23 22:41:00,93732000.0,93786000.0,93664000.0,93761000.0,3.15587027,295895154.16256,-34356.56365048885,-51717.54318903561,Buy
2024-03-23 22:42:00,93691000.0,93761000.0,93691000.0,93694000.0,0.62615481,58670617.3187,-30431.30635473132,-47460.295822174754,Buy
2024-03-23 22:43:00,93694000.0,93750000.0,93667000.0,93693000.0,3.15073249,295216350.59597,-27088.938885331154,-43386.02443480604,Buy
2024-03-23 22:44:00,93693000.0,93693000.0,93600000.0,93600000.0,1.93082452,180780650.73306,-31580.372476160526,-41024.894043076936,Buy
2024-03-23 22:45:00,93600000.0,93693000.0,93600000.0,93602000.0,8.71327981,815594421.85712,-34579.867483481765,-39735.8887311579,Buy
2024-03-23 22:46:00,93602000.0,93632000.0,93520000.0,93536000.0,9.27379365,867863303.59942,-41800.78388540447,-40148.86776200721,Hold
2024-03-23 22:47:00,93536000.0,93590000.0,93500000.0,93574000.0,3.43112755,320890684.76211,-43950.49577996135,-40909.19336559804,Hold
2024-03-23 22:48:00,93521000.0,93699000.0,93521000.0,93686000.0,3.02736336,283356662.27198,-36199.40970556438,-39967.23663359131,Buy
2024-03-23 22:49:00,93708000.0,93900000.0,93686000.0,93788000.0,2.92640158,274547302.60611,-21577.340448349714,-36289.25739654299,Buy
2024-03-23 22:50:00,93788000.0,93862000.0,93664000.0,93862000.0,1.84663553,173113887.39526,-3972.2737602442503,-29825.860669283244,Buy
2024-03-23 22:51:00,93862000.0,93895000.0,93827000.0,93842000.0,1.7342028,162768414.40989,8270.696137964725,-22206.54930783365,Hold
2024-03-23 22:52:00,93890000.0,93967000.0,93842000.0,93939000.0,3.09223928,290412692.55552,25506.40536148846,-12663.958373969228,Hold
2024-03-23 22:53:00,93939000.0,93939000.0,93848000.0,93874000.0,2.9243593,274627167.869,33534.309677794576,-3424.3047636164674,Hold
2024-03-23 22:54:00,93874000.0,93900000.0,93849000.0,93880000.0,1.37105556,128711746.57669,39920.453405067325,5244.646870120292,Hold
2024-03-23 22:55:00,93876000.0,93901000.0,93875000.0,93899000.0,2.37646322,223112138.91989,45984.5779389143,13392.633083879093,Hold
2024-03-23 22:56:00,93899000.0,93931000.0,93879000.0,93897000.0,3.05846657,287170741.82255,50052.08772538602,20724.52401218048,Hold
2024-03-23 22:57:00,93897000.0,93953000.0,93897000.0,93897000.0,1.31000741,123023498.01785,52668.48898002505,27113.3170057494,Hold
2024-03-23 22:58:00,93897000.0,93925000.0,93852000.0,93880000.0,2.3655188,222086594.54944,52762.03994613886,32243.061593827293,Hold
2024-03-23 22:59:00,93880000.0,93928000.0,93852000.0,93853000.0,4.77179261,447955779.47954,50080.21190024912,35810.49165511166,Hold
2024-03-23 23:00:00,93857000.0,93857000.0,93853000.0,93853000.0,1.54614973,145112637.89881,47408.34990532696,38130.06330515473,Hold
2024-03-23 23:01:00,93854000.0,93880000.0,93853000.0,93877000.0,2.14533742,201362445.51824,46689.274554267526,39841.90555497729,Hold
2024-03-23 23:02:00,93877000.0,93879000.0,93850000.0,93850000.0,3.00931717,282440472.16299,43439.97877146304,40561.52019827444,Hold
2024-03-23 23:03:00,93850000.0,93853000.0,93705000.0,93796000.0,2.91496409,273412325.38632,36091.49941149354,39667.516040918264,Hold
2024-03-23 23:04:00,93796000.0,93809000.0,93794000.0,93798000.0,1.04353807,97879572.48364,30082.38880853355,37750.490594441326,Hold
2024-03-23 23:05:00,93800000.0,93800000.0,93794000.0,93798000.0,1.70988221,160380603.26006,25031.576925203204,35206.7078605937,Hold
2024-03-23 23:06:00,93798000.0,93853000.0,93795000.0,93799000.0,4.53825895,425675245.12928,20868.90007159114,32339.14630279319,Hold
2024-03-23 23:07:00,93799000.0,93858000.0,93799000.0,93856000.0,1.21072092,113592990.58643,21916.729886338115,30254.66301950218,Hold
2024-03-23 23:08:00,93856000.0,93856000.0,93834000.0,93849000.0,1.60303327,150448890.24451,21929.511309430003,28589.632677487745,Hold
2024-03-23 23:09:00,93849000.0,93849000.0,93834000.0,93835000.0,0.96086786,90166389.45375,20572.807167306542,26986.267575451508,Hold
2024-03-23 23:10:00,93835000.0,93849000.0,93835000.0,93849000.0,1.021114,95818888.38215,20392.223498493433,25667.458760059897,Hold
2024-03-23 23:11:00,93838000.0,93849000.0,93800000.0,93815000.0,1.42589312,133781089.72815,17306.09984345734,23995.186976739387,Hold
2024-03-23 23:12:00,93799000.0,93815000.0,93700000.0,93714000.0,1.81565246,170239809.62287,6633.996126905084,20522.948806772525,Hold
2024-03-23 23:13:00,93714000.0,93714000.0,93686000.0,93695000.0,1.2737749,119355815.39563,-3318.6093048900366,15754.637184440013,Hold
2024-03-23 23:14:00,93695000.0,93695000.0,93603000.0,93659000.0,1.35563272,126952458.66097,-13950.21060551703,9813.667626448605,Hold
2024-03-23 23:15:00,93659000.0,93660000.0,93600000.0,93616000.0,2.04766556,191694100.85994,-25551.035435318947,2740.727014095094,Hold
2024-03-23 23:16:00,93616000.0,93660000.0,93563000.0,93588000.0,6.45879316,604565882.18528,-36582.439100414515,-5123.906208806828,Hold
2024-03-23 23:17:00,93586000.0,93612000.0,93535000.0,93606000.0,4.23321528,396047435.26673,-43372.48540097475,-12773.622047240413,Hold
2024-03-23 23:18:00,93602000.0,93716000.0,93560000.0,93711000.0,1.56683779,146719484.87043,-39821.98053216934,-18183.2937442262,Hold
2024-03-23 23:19:00,93707000.0,93730000.0,93707000.0,93710000.0,1.25200204,117326438.41374,-36666.20628418028,-21879.87625221702,Hold
2024-03-23 23:20:00,93709000.0,93785000.0,93687000.0,93785000.0,1.10454873,103535780.22415,-27792.979095190763,-23062.496820811768,Hold
2024-03-23 23:21:00,93785000.0,93788000.0,93735000.0,93739000.0,1.5228392,142802455.81428,-24193.80703434348,-23288.758863518113,Hold
2024-03-23 23:22:00,93770000.0,93816000.0,93740000.0,93791000.0,0.71346084,66918167.25029,-16950.08183528483,-22021.02345787146,Buy
2024-03-23 23:23:00,93791000.0,93812000.0,93735000.0,93798000.0,1.39037722,130375426.08837,-10523.230675503612,-19721.464901397892,Buy
2024-03-23 23:24:00,93798000.0,93811000.0,93791000.0,93792000.0,0.94041199,88206614.7095,-5846.658049747348,-16946.503531067785,Buy
2024-03-23 23:25:00,93792000.0,93798000.0,93780000.0,93780000.0,0.94559708,88686932.5442,-3073.31302331388,-14171.865429517004,Buy
2024-03-23 23:26:00,93783000.0,93846000.0,93780000.0,93804000.0,1.85901893,174378114.45922,1049.089068904519,-11127.674529832699,Hold
2024-03-23 23:27:00,93845000.0,93908000.0,93816000.0,93908000.0,2.20430175,206954088.29127,12563.232143208385,-6389.493195224482,Hold
2024-03-23 23:28:00,93920000.0,94100000.0,93902000.0,94078000.0,5.5195664,518856099.95463,35002.36723397672,1888.8788906157588,Hold
2024-03-23 23:29:00,94078000.0,94108000.0,94018000.0,94063000.0,6.97744686,656423234.97798,50987.41760726273,11708.586633945153,Hold
2024-03-23 23:30:00,94063000.0,94599000.0,94063000.0,94599000.0,28.41238406,2681917184.66323,105688.09903810918,30504.489114777964,Hold
2024-03-23 23:31:00,94585000.0,94635000.0,94314000.0,94576000.0,15.54652707,1468985123.3448,145505.5776629746,53504.7068244173,Hold
2024-03-23 23:32:00,94575000.0,94750000.0,94503000.0,94750000.0,16.50008141,1561477876.67012,188923.7665837258,80588.518776279,Hold
2024-03-23 23:33:00,94749000.0,94774000.0,94577000.0,94666000.0,13.58069214,1286009923.81501,214087.03406770527,107288.22183456426,Hold
2024-03-23 23:34:00,94667000.0,94696000.0,94577000.0,94642000.0,8.08193928,765020011.16122,229447.5765800178,131720.09278365498,Hold
2024-03-23 23:35:00,94660000.0,94663000.0,94403000.0,94588000.0,11.98056357,1132523653.02379,234559.71015428007,152288.01625778,Hold
2024-03-23 23:36:00,94588000.0,94663000.0,94476000.0,94588000.0,9.25306536,875060901.84584,235891.89788164198,169008.7925825524,Hold
2024-03-23 23:37:00,94584000.0,94588000.0,94417000.0,94417000.0,4.74635056,448524780.19331,220606.38230755925,179328.31052755378,Hold
2024-03-23 23:38:00,94426000.0,94439000.0,94300000.0,94386000.0,7.23992914,683134036.09496,203643.58369758725,184191.3651615605,Hold
2024-03-23 23:39:00,94386000.0,94408000.0,94318000.0,94402000.0,2.91411641,274992956.71023,189309.2704425007,185214.94621774854,Hold
2024-03-23 23:40:00,94402000.0,94559000.0,94386000.0,94393000.0,8.08196998,763282892.75407,175203.36381310225,183212.6297368193,Hold
2024-03-23 23:41:00,94393000.0,94393000.0,94251000.0,94295000.0,5.34143652,503883775.97304,154337.4442166984,177437.59263279516,Hold
2024-03-23 23:42:00,94296000.0,94378000.0,94285000.0,94327000.0,1.58362066,149350925.24696,138783.376792565,169706.74946474913,Sell
